epoch,accuracy,loss
0,0.00013880534970667213,0.24740023910999298
1,0.0,0.05130147561430931
2,0.0,0.03704223036766052
3,0.0,0.032303616404533386
4,0.0,0.034244101494550705
5,0.0,0.026030583307147026
6,0.0,0.024251041933894157
7,0.0,0.024410314857959747
8,0.0,0.02529072016477585
9,0.0,0.022719301283359528
